Symbol,Security,GICS Sector,GICS Sub-Industry,Headquarters Location,Date added,CIK,Founded
MMM,3M,Industrials,Industrial Conglomerates,"Saint Paul, Minnesota",1957-03-04,0.03183629847877988,1902
AOS,A. O. Smith,Industrials,Building Products,"Milwaukee, Wisconsin",2017-07-26,0.0437991773743633,1916
ABT,Abbott Laboratories,Health Care,Health Care Equipment,"North Chicago, Illinois",1957-03-04,0.0,1888
ABBV,AbbVie,Health Care,Biotechnology,"North Chicago, Illinois",2012-12-31,0.7595570175653615,2013 (1888)
ACN,Accenture,Information Technology,IT Consulting & Other Services,"Dublin, Ireland",2011-07-06,0.718485054980611,1989
ADBE,Adobe Inc.,Information Technology,Application Software,"San Jose, California",1997-05-05,0.3895181413955221,1982
AMD,Advanced Micro Devices,Information Technology,Semiconductors,"Santa Clara, California",2017-03-20,0.0003372863158823615,1969
AES,AES Corporation,Utilities,Independent Power Producers & Energy Traders,"Arlington, Virginia",1998-10-02,0.4279619180217765,1981
AFL,Aflac,Financials,Life & Health Insurance,"Columbus, Georgia",1999-05-28,0.0015574980022649168,1955
A,Agilent Technologies,Health Care,Life Sciences Tools & Services,"Santa Clara, California",2000-06-05,0.533908550306156,1999
APD,Air Products,Materials,Industrial Gases,"Upper Macungie Township, Pennsylvania",1985-04-30,0.0005730925919570941,1940
ABNB,Airbnb,Consumer Discretionary,"Hotels, Resorts & Cruise Lines","San Francisco, California",2023-09-18,0.7637574087782686,2008
AKAM,Akamai Technologies,Information Technology,Internet Services & Infrastructure,"Cambridge, Massachusetts",2007-07-12,0.5316289262235209,1998
ALB,Albemarle Corporation,Materials,Specialty Chemicals,"Charlotte, North Carolina",2016-07-01,0.4481363460322285,1994
ARE,Alexandria Real Estate Equities,Real Estate,Office REITs,"Pasadena, California",2017-03-20,0.5067349409994069,1994
ALGN,Align Technology,Health Care,Health Care Supplies,"Tempe, Arizona",2017-06-19,0.5369857976968444,1997
ALLE,Allegion,Industrials,Building Products,"Dublin, Ireland",2013-12-02,0.7733274177496925,1908
LNT,Alliant Energy,Utilities,Electric Utilities,"Madison, Wisconsin",2016-07-01,0.17194787749839446,1917
ALL,Allstate,Financials,Property & Casualty Insurance,"Northbrook, Illinois",1995-07-13,0.43986988984268144,1931
GOOGL,Alphabet Inc. (Class A),Communication Services,Interactive Media & Services,"Mountain View, California",2014-04-03,0.8090184870159476,1998
GOOG,Alphabet Inc. (Class C),Communication Services,Interactive Media & Services,"Mountain View, California",2006-04-03,0.8090184870159476,1998
MO,Altria,Consumer Staples,Tobacco,"Richmond, Virginia",1957-03-04,0.37375049636975993,1985
AMZN,Amazon,Consumer Discretionary,Broadline Retail,"Seattle, Washington",2005-11-18,0.4985385893784225,1994
AMCR,Amcor,Materials,Paper & Plastic Packaging Products & Materials,"Warmley, Bristol, United Kingdom",2019-06-07,0.856447414219952,2019 (1860)
AEE,Ameren,Utilities,Multi-Utilities,"St. Louis, Missouri",1991-09-19,0.4907859065305102,1902
AEP,American Electric Power,Utilities,Electric Utilities,"Columbus, Ohio",1957-03-04,0.001521710355376236,1906
AXP,American Express,Financials,Consumer Finance,"New York City, New York",1976-06-30,0.0015501443761919002,1850
AIG,American International Group,Financials,Multi-line Insurance,"New York City, New York",1980-03-31,0.0017021193150342435,1919
AMT,American Tower,Real Estate,Telecom Tower REITs,"Boston, Massachusetts",2007-11-19,0.5155906677582717,1995
AWK,American Water Works,Utilities,Water Utilities,"Camden, New Jersey",2016-03-04,0.6906702094802948,1886
AMP,Ameriprise Financial,Financials,Asset Management & Custody Banks,"Minneapolis, Minnesota",2005-10-03,0.40112902672307715,1894
AME,Ametek,Industrials,Electrical Components & Equipment,"Berwyn, Pennsylvania",2013-09-23,0.5079237772145445,1930
AMGN,Amgen,Health Care,Biotechnology,"Thousand Oaks, California",1992-01-02,0.155089934846873,1980
APH,Amphenol,Information Technology,Electronic Components,"Wallingford, Connecticut",2008-09-30,0.4012692358602027,1932
ADI,Analog Devices,Information Technology,Semiconductors,"Wilmington, Massachusetts",1999-10-12,0.0021967732288791604,1965
AON,Aon plc,Financials,Insurance Brokers,"London, United Kingdom",1996-04-23,0.15368735323387964,1982 (1919)
APA,APA Corporation,Energy,Oil & Gas Exploration & Production,"Houston, Texas",1997-07-28,0.9019791058971179,1954
APO,Apollo Global Management,Financials,Asset Management & Custody Banks,"New York City, New York",2024-12-23,0.9103205690726098,1990
AAPL,Apple Inc.,Information Technology,"Technology Hardware, Storage & Peripherals","Cupertino, California",1982-11-30,0.15608953775106507,1977
AMAT,Applied Materials,Information Technology,Semiconductor Materials & Equipment,"Santa Clara, California",1995-03-16,0.0025252351934739025,1967
APTV,Aptiv,Consumer Discretionary,Automotive Parts & Equipment,"Dublin, Ireland",2012-12-24,0.7449380089322045,1994
ACGL,Arch Capital Group,Financials,Property & Casualty Insurance,"Hamilton, Bermuda",2022-11-01,0.46361376794897563,1995
ADM,Archer Daniels Midland,Consumer Staples,Agricultural Products & Services,"Chicago, Illinois",1957-03-04,0.0025904373446546496,1902
ANET,Arista Networks,Information Technology,Communications Equipment,"Santa Clara, California",2018-08-28,0.7818041876449278,2004
AJG,Arthur J. Gallagher & Co.,Financials,Insurance Brokers,"Rolling Meadows, Illinois",2016-05-31,0.1727562861246881,1927
AIZ,Assurant,Financials,Multi-line Insurance,"Atlanta, Georgia",2007-04-10,0.6203705247057325,1892
T,AT&T,Communication Services,Integrated Telecommunication Services,"Dallas, Texas",1983-11-30,0.3583260205607385,1983 (1885)
ATO,Atmos Energy,Utilities,Gas Utilities,"Dallas, Texas",2019-02-15,0.3578774493702845,1906
ADSK,Autodesk,Information Technology,Application Software,"San Francisco, California",1989-12-01,0.3763080875179551,1982
ADP,Automatic Data Processing,Industrials,Human Resource & Employment Services,"Roseland, New Jersey",1981-03-31,0.003367960741441605,1949
AZO,AutoZone,Consumer Discretionary,Automotive Retail,"Memphis, Tennessee",1997-01-02,0.42405273040136093,1979
AVB,AvalonBay Communities,Real Estate,Multi-Family Residential REITs,"Arlington, Virginia",2007-01-10,0.4481358557904903,1978
AVY,Avery Dennison,Materials,Paper & Plastic Packaging Products & Materials,"Mentor, Ohio",1987-12-31,0.003440516518695369,1935
AXON,Axon Enterprise,Industrials,Aerospace & Defense,"Scottsdale, Arizona",2023-05-04,0.5232756972463122,1993
BKR,Baker Hughes,Energy,Oil & Gas Equipment & Services,"Houston, Texas",2017-07-07,0.8333153578029326,2017
BALL,Ball Corporation,Materials,"Metal, Glass & Plastic Containers","Broomfield, Colorado",1984-10-31,0.0037204445512082013,1880
BAC,Bank of America,Financials,Diversified Banks,"Charlotte, North Carolina",1976-06-30,0.033855113956692044,1998 (1923 / 1874)
BAX,Baxter International,Health Care,Health Care Equipment,"Deerfield, Illinois",1972-09-30,0.004243532485868782,1931
BDX,Becton Dickinson,Health Care,Health Care Equipment,"Franklin Lakes, New Jersey",1972-09-30,0.004409724435118958,1897
BRK.B,Berkshire Hathaway,Financials,Multi-Sector Holdings,"Omaha, Nebraska",2010-02-16,0.5226874071604709,1839
BBY,Best Buy,Consumer Discretionary,Computer & Electronics Retail,"Richfield, Minnesota",1999-06-29,0.37389658840774387,1966
TECH,Bio-Techne,Health Care,Life Sciences Tools & Services,"Minneapolis, Minnesota",2021-08-30,0.41191238399654867,1976
BIIB,Biogen,Health Care,Biotechnology,"Cambridge, Massachusetts",2003-11-13,0.42810114667542565,1978
BLK,BlackRock,Financials,Asset Management & Custody Banks,"New York City, New York",2011-04-04,0.9856717047175964,1988
BX,Blackstone Inc.,Financials,Asset Management & Custody Banks,"New York City, New York",2023-09-18,0.6824253239272285,1985
XYZ,"Block, Inc.",Financials,Transaction & Payment Processing Services,none,2025-07-23,0.7406930057211212,2009
BK,BNY Mellon,Financials,Asset Management & Custody Banks,"New York City, New York",1995-03-31,0.680934498801359,1784
BA,Boeing,Industrials,Aerospace & Defense,"Arlington, Virginia",1957-03-04,0.005454919820963718,1916
BKNG,Booking Holdings,Consumer Discretionary,"Hotels, Resorts & Cruise Lines","Norwalk, Connecticut",2009-11-06,0.5263877518004129,1996
BSX,Boston Scientific,Health Care,Health Care Equipment,"Marlborough, Massachusetts",1995-02-24,0.43333692843941346,1979
BMY,Bristol Myers Squibb,Health Care,Pharmaceuticals,"New York City, New York",1957-03-04,0.0061142949588442064,1989 (1887)
AVGO,Broadcom,Information Technology,Semiconductors,"Palo Alto, California",2014-05-08,0.847318132571171,1961
BR,Broadridge Financial Solutions,Industrials,Data Processing & Outsourced Services,"Lake Success, New York",2018-06-18,0.6772748442256877,1962
BRO,Brown & Brown,Financials,Insurance Brokers,"Daytona Beach, Florida",2021-09-20,0.03798491035929817,1939
BF.B,Brown–Forman,Consumer Staples,Distillers & Vintners,"Louisville, Kentucky",1982-10-31,0.006320686730626872,1870
BLDR,Builders FirstSource,Industrials,Building Products,"Irving, Texas",2023-12-18,0.6446850441952927,1998
BG,Bunge Global,Consumer Staples,Agricultural Products & Services,"Chesterfield, Missouri",2023-03-15,0.9780626626989769,1818
BXP,"BXP, Inc.",Real Estate,Office REITs,"Boston, Massachusetts",2006-04-03,0.5077629779244146,1970
CHRW,C.H. Robinson,Industrials,Air Freight & Logistics,"Eden Prairie, Minnesota",2007-03-02,0.5105754947764743,1905
CDNS,Cadence Design Systems,Information Technology,Application Software,"San Jose, California",2017-09-18,0.3980135404768091,1988
CZR,Caesars Entertainment,Consumer Discretionary,Casinos & Gaming,"Reno, Nevada",2021-03-22,0.7790406949666882,1973
CPT,Camden Property Trust,Real Estate,Multi-Family Residential REITs,"Houston, Texas",2022-04-04,0.4434457130811203,1981
CPB,Campbell's Company (The),Consumer Staples,Packaged Foods & Meats,"Camden, New Jersey",1957-03-04,0.00732028963481893,1869
COF,Capital One,Financials,Consumer Finance,"Tysons Corner, Virginia",1998-07-01,0.45387952799525444,1994
CAH,Cardinal Health,Health Care,Health Care Distributors,"Dublin, Ohio",1997-05-27,0.35276373779910875,1971
KMX,CarMax,Consumer Discretionary,Automotive Retail,"Richmond, Virginia",2010-06-28,0.5727053009839153,1993
CCL,Carnival,Consumer Discretionary,"Hotels, Resorts & Cruise Lines","Miami, Florida",1998-12-22,0.3987121349537457,1972
CARR,Carrier Global,Industrials,Building Products,"Palm Beach Gardens, Florida",2020-04-03,0.873306827596688,"2020 (1915, United Technologies spinoff)"
CAT,Caterpillar Inc.,Industrials,Construction Machinery & Heavy Transportation Equipment,"Irving, Texas",1957-03-04,0.008054671758644187,1925
CBOE,Cboe Global Markets,Financials,Financial Exchanges & Data,"Chicago, Illinois",2017-03-01,0.6728616880984014,1973
CBRE,CBRE Group,Real Estate,Real Estate Services,"Dallas, Texas",2006-11-10,0.5570705114692055,1906
CDW,CDW Corporation,Information Technology,Technology Distributors,"Vernon Hills, Illinois",2019-09-23,0.6864644256082675,1984
COR,Cencora,Health Care,Health Care Distributors,"Conshohocken, Pennsylvania",2001-08-30,0.5584142640736147,1985
CNC,Centene Corporation,Health Care,Managed Health Care,"St. Louis, Missouri",2016-03-30,0.5245287551291542,1984
CNP,CenterPoint Energy,Utilities,Multi-Utilities,"Houston, Texas",1985-07-31,0.5532427039773313,1882
CF,CF Industries,Materials,Fertilizers & Agricultural Chemicals,"Deerfield, Illinois",2008-08-27,0.648395683911737,1946
CRL,Charles River Laboratories,Health Care,Life Sciences Tools & Services,"Wilmington, Massachusetts",2021-05-14,0.5387178217579088,1947
SCHW,Charles Schwab Corporation,Financials,Investment Banking & Brokerage,"Westlake, Texas",1997-06-02,0.1543815355351724,1971
CHTR,Charter Communications,Communication Services,Cable & Satellite,"Stamford, Connecticut",2016-09-08,0.5342982924880258,1993
CVX,Chevron Corporation,Energy,Integrated Oil & Gas,"San Ramon, California",1957-03-04,0.044911045636603406,1879
CMG,Chipotle Mexican Grill,Consumer Discretionary,Restaurants,"Newport Beach, California",2011-04-28,0.5178374456444473,1993
CB,Chubb Limited,Financials,Property & Casualty Insurance,"Zurich, Switzerland",2010-07-15,0.4384521107358038,1985
CHD,Church & Dwight,Consumer Staples,Household Products,"Ewing, New Jersey",2015-12-29,0.15301768301949692,1847
CI,Cigna,Health Care,Health Care Services,"Bloomfield, Connecticut",1976-06-30,0.8521087748368721,1982
CINF,Cincinnati Financial,Financials,Property & Casualty Insurance,"Fairfield, Ohio",1997-12-18,0.009062608772385664,1950
CTAS,Cintas,Industrials,Diversified Support Services,"Mason, Ohio",2001-03-01,0.3536868629921414,1929
CSCO,Cisco,Information Technology,Communications Equipment,"San Jose, California",1993-12-01,0.42017491825219017,1984
C,Citigroup,Financials,Diversified Banks,"New York City, New York",1988-05-31,0.4065089395580961,1998
CFG,Citizens Financial Group,Financials,Regional Banks,"Providence, Rhode Island",2016-01-29,0.37167383236674,1828
CLX,Clorox,Consumer Staples,Household Products,"Oakland, California",1969-03-31,0.009449899745564538,1913
CME,CME Group,Financials,Financial Exchanges & Data,"Chicago, Illinois",2006-08-11,0.5660208548835431,1848
CMS,CMS Energy,Utilities,Multi-Utilities,"Jackson, Michigan",1957-03-04,0.39678009226349514,1886
KO,Coca-Cola Company (The),Consumer Staples,Soft Drinks & Non-alcoholic Beverages,"Atlanta, Georgia",1957-03-04,0.009581284531402435,1886
CTSH,Cognizant,Information Technology,IT Consulting & Other Services,"Teaneck, New Jersey",2006-11-17,0.5179354939920876,1994
COIN,Coinbase,Financials,Financial Exchanges & Data,"New York City, New York",2025-05-19,0.8226197538005992,2012
CL,Colgate-Palmolive,Consumer Staples,Household Products,"New York City, New York",1957-03-04,0.00973865212936499,1806
CMCSA,Comcast,Communication Services,Cable & Satellite,"Philadelphia, Pennsylvania",2002-11-19,0.5710781886548257,1963
CAG,Conagra Brands,Consumer Staples,Packaged Foods & Meats,"Chicago, Illinois",1983-08-31,0.010499507307053109,1919
COP,ConocoPhillips,Energy,Oil & Gas Exploration & Production,"Houston, Texas",1957-03-04,0.5693495962859286,2002
ED,Consolidated Edison,Utilities,Multi-Utilities,"New York City, New York",1957-03-04,0.5128232531461264,1823
STZ,Constellation Brands,Consumer Staples,Distillers & Vintners,"Rochester, New York",2005-07-01,0.007411474598124335,1945
CEG,Constellation Energy,Utilities,Electric Utilities,"Baltimore, Maryland",2022-02-02,0.9150239483089112,1999
COO,Cooper Companies (The),Health Care,Health Care Supplies,"San Ramon, California",2016-09-23,0.3478774983944583,1958
CPRT,Copart,Industrials,Diversified Support Services,"Dallas, Texas",2018-07-02,0.44037189738259935,1982
GLW,Corning Inc.,Information Technology,Electronic Components,"Corning, New York",1995-02-27,0.011246635716071594,1851
CPAY,Corpay,Financials,Transaction & Payment Processing Services,"Atlanta, Georgia",2018-06-20,0.575374177006682,2000
CTVA,Corteva,Materials,Fertilizers & Agricultural Chemicals,"Indianapolis, Indiana",2019-06-03,0.8598212578622519,2019
CSGP,CoStar Group,Real Estate,Real Estate Services,"Washington, D.C.",2022-09-19,0.517475647241655,1987
COST,Costco,Consumer Staples,Consumer Staples Merchandise Retail,"Issaquah, Washington",1993-10-01,0.44515518602222753,1976
CTRA,Coterra,Energy,Oil & Gas Exploration & Production,"Houston, Texas",2008-06-23,0.4199753898647423,2021 (1989)
CRWD,CrowdStrike,Information Technology,Systems Software,"Austin, Texas",2024-06-24,0.7518969904059692,2011
CCI,Crown Castle,Real Estate,Telecom Tower REITs,"Houston, Texas",2012-03-14,0.514592045337556,1994
CSX,CSX Corporation,Industrials,Rail Transportation,"Jacksonville, Florida",1957-03-04,0.1353792755207593,1980
CMI,Cummins,Industrials,Construction Machinery & Heavy Transportation Equipment,"Columbus, Indiana",1965-03-31,0.011948171643437379,1919
CVS,CVS Health,Health Care,Health Care Services,"Woonsocket, Rhode Island",1957-03-04,0.030886700231884345,1996
DHR,Danaher Corporation,Health Care,Life Sciences Tools & Services,"Washington, D.C.",1998-11-18,0.15286521783891638,1969
DRI,Darden Restaurants,Consumer Discretionary,Restaurants,"Orlando, Florida",1995-05-31,0.46040758698114037,1938
DDOG,Datadog,Information Technology,Application Software,"New York City, New York",2025-07-09,0.7646545511591767,2010
DVA,DaVita,Health Care,Health Care Services,"Denver, Colorado",2008-07-31,0.4536040121383854,1979
DAY,Dayforce,Industrials,Human Resource & Employment Services,"Minneapolis, Minnesota",2021-09-20,0.8448125070472251,1992
DECK,Deckers Brands,Consumer Discretionary,Footwear,"Goleta, California",2024-03-18,0.4454929625798481,1973
DE,Deere & Company,Industrials,Agricultural & Farm Machinery,"Moline, Illinois",1957-03-04,0.1536363680931067,1837
DELL,Dell Technologies,Information Technology,"Technology Hardware, Storage & Peripherals","Round Rock, Texas",2024-09-23,0.7697756163564254,2016
DAL,Delta Air Lines,Industrials,Passenger Airlines,"Atlanta, Georgia",2013-09-11,0.012797270334001696,1929
DVN,Devon Energy,Energy,Oil & Gas Exploration & Production,"Oklahoma City, Oklahoma",2000-08-30,0.5334869424113031,1971
DXCM,Dexcom,Health Care,Health Care Equipment,"San Diego, California",2020-05-12,0.535224849373226,1999
FANG,Diamondback Energy,Energy,Oil & Gas Exploration & Production,"Midland, Texas",2018-12-03,0.7540104225393542,2007
DLR,Digital Realty,Real Estate,Data Center REITs,"Austin, Texas",2016-05-18,0.6354493800893221,2004
DG,Dollar General,Consumer Staples,Consumer Staples Merchandise Retail,"Goodlettsville, Tennessee",2012-12-03,0.013596364367269501,1939
DLTR,Dollar Tree,Consumer Staples,Consumer Staples Merchandise Retail,"Chesapeake, Virginia",2011-12-19,0.4578382300312284,1986
D,Dominion Energy,Utilities,Multi-Utilities,"Richmond, Virginia",2016-11-30,0.35010956902848794,1983
DPZ,Domino's,Consumer Discretionary,Restaurants,"Ann Arbor, Michigan",2020-05-12,0.6299022948215766,1960
DASH,DoorDash,Consumer Discretionary,Specialized Consumer Services,"San Francisco, California",2025-03-24,0.8780175604590624,2012
DOV,Dover Corporation,Industrials,Industrial Machinery & Supplies & Components,"Downers Grove, Illinois",1985-10-31,0.013778244052142112,1955
DOW,Dow Inc.,Materials,Commodity Chemicals,"Midland, Michigan",2019-04-01,0.8579171589510789,2019 (1897)
DHI,D. R. Horton,Consumer Discretionary,Homebuilding,"Arlington, Texas",2005-06-22,0.43160098244444334,1978
DTE,DTE Energy,Utilities,Multi-Utilities,"Detroit, Michigan",1957-03-04,0.4581505140184625,1995
DUK,Duke Energy,Utilities,Electric Utilities,"Charlotte, North Carolina",1976-06-30,0.649256548404018,1904
DD,DuPont,Materials,Specialty Chemicals,"Wilmington, Delaware",2019-06-03,0.8162034699310231,2017 (1802)
EMN,Eastman Chemical Company,Materials,Specialty Chemicals,"Kingsport, Tennessee",1994-01-01,0.4478794593614111,1920
ETN,Eaton Corporation,Industrials,Electrical Components & Equipment,"Dublin, Ireland",1957-03-04,0.7595717248175076,1911
EBAY,eBay Inc.,Consumer Discretionary,Broadline Retail,"San Jose, California",2002-07-22,0.5212681573283787,1995
ECL,Ecolab,Materials,Specialty Chemicals,"Saint Paul, Minnesota",1989-01-31,0.014541550438521235,1923
EIX,Edison International,Utilities,Electric Utilities,"Rosemead, California",1957-03-04,0.4045729749339399,1886
EW,Edwards Lifesciences,Health Care,Health Care Equipment,"Irvine, California",2011-04-01,0.5382854285448155,1958
EA,Electronic Arts,Communication Services,Interactive Home Entertainment,"Redwood City, California",2002-07-22,0.34842215696559975,1982
ELV,Elevance Health,Health Care,Managed Health Care,"Indianapolis, Indiana",2002-07-25,0.5658561336595076,2014 (1946)
EMR,Emerson Electric,Industrials,Electrical Components & Equipment,"Ferguson, Missouri",1965-03-31,0.015101406503546898,1890
ENPH,Enphase Energy,Information Technology,Semiconductor Materials & Equipment,"Fremont, California",2021-01-07,0.7163907422750159,2006
ETR,Entergy,Utilities,Electric Utilities,"New Orleans, Louisiana",1957-03-04,0.03146567572469985,1913
EOG,EOG Resources,Energy,Oil & Gas Exploration & Production,"Houston, Texas",2000-11-02,0.4016986876228668,1999
EPAM,EPAM Systems,Information Technology,IT Consulting & Other Services,"Newtown, Pennsylvania",2021-12-14,0.6619292973365167,1993
EQT,EQT Corporation,Energy,Oil & Gas Exploration & Production,"Pittsburgh, Pennsylvania",2022-10-03,0.015399963722111372,1888
EFX,Equifax,Industrials,Research & Consulting Services,"Atlanta, Georgia",1997-06-19,0.015386236953441742,1899
EQIX,Equinix,Real Estate,Data Center REITs,"Redwood City, California",2015-03-20,0.5389908864060869,1998
EQR,Equity Residential,Real Estate,Multi-Family Residential REITs,"Chicago, Illinois",2001-12-03,0.4433290355474284,1969
ERIE,Erie Indemnity,Financials,Insurance Brokers,"Erie, Pennsylvania",2024-09-23,0.4514248876120815,1925
ESS,Essex Property Trust,Real Estate,Multi-Family Residential REITs,"San Mateo, California",2014-04-02,0.4503958702035974,1971
EL,Estée Lauder Companies (The),Consumer Staples,Personal Care Products,"New York City, New York",2006-01-05,0.4899721052450964,1946
EG,Everest Group,Financials,Reinsurance,"Hamilton, Bermuda",2017-06-19,0.5359680558483388,1973
EVRG,Evergy,Utilities,Electric Utilities,"Kansas City, Missouri",2018-06-05,0.8380530539609082,1909
ES,Eversource Energy,Utilities,Electric Utilities,"Hartford, Connecticut",2009-07-24,0.03477823914972473,1966
EXC,Exelon,Utilities,Electric Utilities,"Chicago, Illinois",1957-03-04,0.5429706688368034,2000
EXE,Expand Energy,Energy,Oil & Gas Exploration & Production,"Oklahoma City, Oklahoma",2025-03-24,0.43794569102024206,1989
EXPE,Expedia Group,Consumer Discretionary,"Hotels, Resorts & Cruise Lines","Seattle, Washington",2007-10-02,0.648405488746501,1996
EXPD,Expeditors International,Industrials,Air Freight & Logistics,"Seattle, Washington",2007-10-10,0.3650903760644374,1979
EXR,Extra Space Storage,Real Estate,Self-Storage REITs,"Salt Lake City, Utah",2016-01-19,0.6312793838641835,1977
XOM,ExxonMobil,Energy,Integrated Oil & Gas,"Irving, Texas",1957-03-04,0.015828925243037344,1999
FFIV,"F5, Inc.",Information Technology,Communications Equipment,"Seattle, Washington",2010-12-20,0.5132316245140479,1996
FDS,FactSet,Financials,Financial Exchanges & Data,"Norwalk, Connecticut",2021-12-20,0.495848632960913,1978
FICO,Fair Isaac,Information Technology,Application Software,"Bozeman, Montana",2023-03-20,0.39844250199773507,1956
FAST,Fastenal,Industrials,Trading Companies & Distributors,"Winona, Minnesota",2008-09-15,0.39893715591158,1967
FRT,Federal Realty Investment Trust,Real Estate,Retail REITs,"Rockville, Maryland",2016-02-01,0.016228472259671247,1962
FDX,FedEx,Industrials,Air Freight & Logistics,"Memphis, Tennessee",1980-12-31,0.5133375167294993,1971
FIS,Fidelity National Information Services,Financials,Transaction & Payment Processing Services,"Jacksonville, Florida",2006-11-10,0.5564699653399092,1968
FITB,Fifth Third Bancorp,Financials,Regional Banks,"Cincinnati, Ohio",1996-03-29,0.016534383104308735,1858
FSLR,First Solar,Information Technology,Semiconductors,"Tempe, Arizona",2022-12-19,0.6239277187581197,1999
FE,FirstEnergy,Utilities,Electric Utilities,"Akron, Ohio",1997-11-28,0.5047019085110869,1997
FI,Fiserv,Financials,Transaction & Payment Processing Services,"Brookfield, Wisconsin",2001-04-02,0.3905040175310446,1984
F,Ford Motor Company,Consumer Discretionary,Automobile Manufacturers,"Dearborn, Michigan",1957-03-04,0.01774478995592727,1903
FTNT,Fortinet,Information Technology,Systems Software,"Sunnyvale, California",2018-10-11,0.6178217579088249,2000
FTV,Fortive,Industrials,Industrial Machinery & Supplies & Components,"Everett, Washington",2016-07-01,0.8125099886754159,2016
FOXA,Fox Corporation (Class A),Communication Services,Broadcasting,"New York City, New York",2019-03-19,0.8591491364391782,2019
FOX,Fox Corporation (Class B),Communication Services,Broadcasting,"New York City, New York",2019-03-19,0.8591491364391782,2019
BEN,Franklin Resources,Financials,Asset Management & Custody Banks,"San Mateo, California",1998-04-30,0.018127668753462334,1947
FCX,Freeport-McMoRan,Materials,Copper,"Phoenix, Arizona",2011-07-01,0.406635421926552,1912
GRMN,Garmin,Consumer Discretionary,Consumer Electronics,"Schaffhausen, Switzerland",2012-12-12,0.5490648638843815,1989
IT,Gartner,Information Technology,IT Consulting & Other Services,"Stamford, Connecticut",2017-04-05,0.3664316774601556,1979
GE,GE Aerospace,Industrials,Aerospace & Defense,"Evendale, Ohio",1957-03-04,0.01899441614660189,1892
GEHC,GE HealthCare,Health Care,Health Care Equipment,"Chicago, Illinois",2023-01-04,0.9464572680788897,1994
GEV,GE Vernova,Industrials,Heavy Electrical Equipment,"Cambridge, Massachusetts",2024-04-02,0.9780371701285905,2024
GEN,Gen Digital,Information Technology,Systems Software,"Tempe, Arizona",2003-03-25,0.41552840705752003,1982
GNRC,Generac,Industrials,Electrical Components & Equipment,"Waukesha, Wisconsin",2021-03-22,0.7220942146572475,1959
GD,General Dynamics,Industrials,Aerospace & Defense,"Falls Church, Virginia",1957-03-04,0.01898853324574348,1899
GIS,General Mills,Consumer Staples,Packaged Foods & Meats,"Golden Valley, Minnesota",1957-03-04,0.019072364582975867,1856
GM,General Motors,Consumer Discretionary,Automobile Manufacturers,"Detroit, Michigan",2013-06-06,0.7187228222236386,1908
GPC,Genuine Parts Company,Consumer Discretionary,Distributors,"Atlanta, Georgia",1973-12-31,0.01921110299488678,1925
GILD,Gilead Sciences,Health Care,Biotechnology,"Foster City, California",2004-07-01,0.43155735092974346,1987
GPN,Global Payments,Financials,Transaction & Payment Processing Services,"Atlanta, Georgia",2016-04-25,0.5498355238968335,2000
GL,Globe Life,Financials,Life & Health Insurance,"McKinney, Texas",1989-04-30,0.1561591520778896,1900
GDDY,GoDaddy,Information Technology,Internet Services & Infrastructure,"Tempe, Arizona",2024-06-24,0.7882650835126802,1997
GS,Goldman Sachs,Financials,Investment Banking & Brokerage,"New York City, New York",2002-07-22,0.4339531623043323,1869
HAL,Halliburton,Energy,Oil & Gas Equipment & Services,"Houston, Texas",1957-03-04,0.021184325991146235,1919
HIG,Hartford (The),Financials,Property & Casualty Insurance,"Hartford, Connecticut",1957-03-04,0.42796436923046755,1810
HAS,Hasbro,Consumer Discretionary,Leisure Products,"Pawtucket, Rhode Island",1984-09-30,0.02170790416754502,1923
HCA,HCA Healthcare,Health Care,Health Care Facilities,"Nashville, Tennessee",2015-01-27,0.4210833361930768,1968
DOC,Healthpeak Properties,Real Estate,Health Care REITs,"Denver, Colorado",2008-03-31,0.3745839073247018,1985
HSIC,Henry Schein,Health Care,Health Care Distributors,"Melville, New York",2015-03-17,0.4894710781886548,1932
HSY,Hershey Company (The),Consumer Staples,Packaged Foods & Meats,"Hershey, Pennsylvania",1957-03-04,0.02221334339963036,1894
HPE,Hewlett Packard Enterprise,Information Technology,"Technology Hardware, Storage & Peripherals","Houston, Texas",2015-11-02,0.8058544668375976,2015
HLT,Hilton Worldwide,Consumer Discretionary,"Hotels, Resorts & Cruise Lines","Tysons Corner, Virginia",2017-06-19,0.7764884964776132,1919
HOLX,Hologic,Health Care,Health Care Equipment,"Marlborough, Massachusetts",2016-03-30,0.4205965261470431,1985
HD,Home Depot (The),Consumer Discretionary,Home Improvement Retail,"Atlanta, Georgia",1988-03-31,0.17312886984572093,1978
HON,Honeywell,Industrials,Industrial Conglomerates,"Charlotte, North Carolina",1957-03-04,0.3784862315607826,1906
HRL,Hormel Foods,Consumer Staples,Packaged Foods & Meats,"Austin, Minnesota",2009-03-04,0.02287713071315466,1891
HST,Host Hotels & Resorts,Real Estate,Hotel & Resort REITs,"Bethesda, Maryland",2007-03-20,0.5240439060500733,1993
HWM,Howmet Aerospace,Industrials,Aerospace & Defense,"Pittsburgh, Pennsylvania",2016-10-21,0.0012162897524769466,1888
HPQ,HP Inc.,Information Technology,"Technology Hardware, Storage & Peripherals","Palo Alto, California",1974-12-31,0.022265309023879677,1939 (2015)
HUBB,Hubbell Incorporated,Industrials,Industrial Machinery & Supplies & Components,"Shelton, Connecticut",2023-10-18,0.02308940538579574,1888
HUM,Humana,Health Care,Managed Health Care,"Louisville, Kentucky",2012-12-10,0.02317421720650453,1961
HBAN,Huntington Bancshares,Financials,Regional Banks,"Columbus, Ohio; Detroit, Michigan",1997-08-28,0.02323549742377967,1866
HII,Huntington Ingalls Industries,Industrials,Aerospace & Defense,"Newport News, Virginia",2018-01-03,0.7352572053279472,2011
IBM,IBM,Information Technology,IT Consulting & Other Services,"Armonk, New York",1957-03-04,0.024189998088057222,1911
IEX,IDEX Corporation,Industrials,Industrial Machinery & Supplies & Components,"Lake Forest, Illinois",2019-08-09,0.40704820547011733,1988
IDXX,Idexx Laboratories,Health Care,Health Care Equipment,"Westbrook, Maine",2017-01-05,0.4279398571435575,1983
ITW,Illinois Tool Works,Industrials,Industrial Machinery & Supplies & Components,"Glenview, Illinois",1986-02-28,0.023544349718846367,1912
INCY,Incyte,Health Care,Biotechnology,"Wilmington, Delaware",2017-02-28,0.43012290360376704,1991
IR,Ingersoll Rand,Industrials,Industrial Machinery & Supplies & Components,"Davidson, North Carolina",2020-03-03,0.832111814335649,1859
PODD,Insulet Corporation,Health Care,Health Care Equipment,"Acton, Massachusetts",2023-03-15,0.5605409327339311,2000
INTC,Intel,Information Technology,Semiconductors,"Santa Clara, California",1976-12-31,0.024052730401360915,1968
ICE,Intercontinental Exchange,Financials,Financial Exchanges & Data,"Atlanta, Georgia",2007-09-26,0.7697525749947299,2000
IFF,International Flavors & Fragrances,Materials,Specialty Chemicals,"New York City, New York",1976-03-31,0.024243924679259347,1958 (1889)
IP,International Paper,Materials,Paper & Plastic Packaging Products & Materials,"Memphis, Tennessee",1957-03-04,0.024332658433873746,1898
IPG,Interpublic Group of Companies (The),Communication Services,Advertising,"New York City, New York",1992-10-01,0.024435609198895977,1961 (1930)
INTU,Intuit,Information Technology,Application Software,"Mountain View, California",2000-12-05,0.4388045945455704,1983
ISRG,Intuitive Surgical,Health Care,Health Care Equipment,"Sunnyvale, California",2008-06-02,0.5066486584534835,1995
IVZ,Invesco,Financials,Asset Management & Custody Banks,"Atlanta, Georgia",2008-08-21,0.4473004838685956,1935
INVH,Invitation Homes,Real Estate,Single-Family Residential REITs,"Dallas, Texas",2022-09-19,0.8262676425745535,2012
IQV,IQVIA,Health Care,Life Sciences Tools & Services,"Durham, North Carolina",2017-08-29,0.7238134924331189,1982
IRM,Iron Mountain,Real Estate,Other Specialized REITs,"Boston, Massachusetts",2009-01-06,0.49944308538540355,1951
JBHT,J.B. Hunt,Industrials,Cargo Ground Transportation,"Lowell, Arkansas",2015-07-01,0.35627582961158144,1961
JBL,Jabil,Information Technology,Electronic Manufacturing Services,"St. Petersburg, Florida",2023-12-18,0.43949828660512497,1966
JKHY,Jack Henry & Associates,Financials,Transaction & Payment Processing Services,"Monett, Missouri",2018-11-13,0.3810903956741069,1976
J,Jacobs Solutions,Industrials,Construction & Engineering,"Dallas, Texas",2007-10-26,0.025094494095038264,1947
JNJ,Johnson & Johnson,Health Care,Pharmaceuticals,"New Brunswick, New Jersey",1973-06-30,0.09736495065716906,1886
JCI,Johnson Controls,Industrials,Building Products,"Cork, Ireland",2010-08-27,0.4077066001245214,1885
JPM,JPMorgan Chase,Financials,Diversified Banks,"New York City, New York",1975-06-30,0.008734637049529122,2000 (1799 / 1871)
K,Kellanova,Consumer Staples,Packaged Foods & Meats,"Chicago, Illinois",1989-09-11,0.02611370666875837,1906
KVUE,Kenvue,Consumer Staples,Personal Care Products,"Skillman, New Jersey",2023-08-25,0.9521710355376237,2022 (Johnson & Johnson spinoff)
KDP,Keurig Dr Pepper,Consumer Staples,Soft Drinks & Non-alcoholic Beverages,"Burlington, Massachusetts",2022-06-21,0.6943465322750649,1981
KEY,KeyCorp,Financials,Regional Banks,"Cleveland, Ohio",1994-03-01,0.04401194228874258,1825
KEYS,Keysight Technologies,Information Technology,Electronic Equipment & Instruments,"Santa Rosa, California",2018-11-06,0.7840171388511675,2014 (1939)
KMB,Kimberly-Clark,Consumer Staples,Household Products,"Irving, Texas",1957-03-04,0.026465700236786762,1872
KIM,Kimco Realty,Real Estate,Retail REITs,"Jericho, New York",2006-04-04,0.43008956716556934,1958
KMI,Kinder Morgan,Energy,Oil & Gas Storage & Transportation,"Houston, Texas",2012-05-25,0.7375721268157329,1997
KKR,KKR & Co.,Financials,Asset Management & Custody Banks,"New York City, New York",2024-06-24,0.6878640657708317,1976
KLAC,KLA Corporation,Information Technology,Semiconductor Materials & Equipment,"Milpitas, California",1997-09-30,0.15560321794676957,1975/1977 (1997)
KHC,Kraft Heinz,Consumer Staples,Packaged Foods & Meats,"Chicago, Illinois; Pittsburgh, Pennsylvania",2015-07-06,0.8018683112642845,2015 (1869)
KR,Kroger,Consumer Staples,Food Retail,"Cincinnati, Ohio",1957-03-04,0.026999083247949567,1883
LHX,L3Harris,Industrials,Aerospace & Defense,"Melbourne, Florida",2008-09-22,0.09817483000867729,"2019 (L3 1997, Harris 1895)"
LH,Labcorp,Health Care,Health Care Services,"Burlington, North Carolina",2004-11-01,0.4502125197935102,1978
LRCX,Lam Research,Information Technology,Semiconductor Materials & Equipment,"Fremont, California",2012-06-29,0.34598761649369303,1980
LW,Lamb Weston,Consumer Staples,Packaged Foods & Meats,"Eagle, Idaho",2018-12-03,0.8223672793054255,2016 (1950)
LVS,Las Vegas Sands,Consumer Discretionary,Casinos & Gaming,"Las Vegas, Nevada",2019-10-03,0.6366838087861125,1988
LDOS,Leidos,Industrials,Diversified Support Services,"Reston, Virginia",2019-08-09,0.654531549507062,1969
LEN,Lennar,Consumer Discretionary,Homebuilding,"Miami, Florida",2005-10-04,0.45051254773728927,1954
LII,Lennox International,Industrials,Building Products,"Richardson, Texas",2024-12-23,0.5232850118393381,1895
LLY,Lilly (Eli),Health Care,Pharmaceuticals,"Indianapolis, Indiana",1970-12-31,0.02827616297596345,1876
LIN,Linde plc,Materials,Industrial Gases,"Guildford, United Kingdom",1992-07-01,0.8364136855883637,1879
LYV,Live Nation Entertainment,Communication Services,Movies & Entertainment,"Beverly Hills, California",2019-12-23,0.6537167677381718,2010
LKQ,LKQ Corporation,Consumer Discretionary,Distributors,"Chicago, Illinois",2016-05-23,0.5215662243052049,1998
LMT,Lockheed Martin,Industrials,Aerospace & Defense,"Bethesda, Maryland",1957-03-04,0.45821326496095227,1995
L,Loews Corporation,Financials,Multi-line Insurance,"New York City, New York",1995-05-31,0.02857422995278972,1959
LOW,Lowe's,Consumer Discretionary,Home Improvement Retail,"Mooresville, North Carolina",1984-02-29,0.028859060402684565,1904/1946/1959
LULU,Lululemon Athletica,Consumer Discretionary,"Apparel, Accessories & Luxury Goods","Vancouver, Canada",2023-10-18,0.6840769483432281,1998
LYB,LyondellBasell,Materials,Specialty Chemicals,"Rotterdam, Netherlands",2012-09-05,0.7292801780557994,2007
MTB,M&T Bank,Financials,Regional Banks,"Buffalo, New York",2004-02-23,0.01689863271579216,1856
MPC,Marathon Petroleum,Energy,Oil & Gas Refining & Marketing,"Findlay, Ohio",2011-07-01,0.7395272108676789,2009 (1887)
MKTX,MarketAxess,Financials,Financial Exchanges & Data,"New York City, New York",2019-07-01,0.625656801368755,2000
MAR,Marriott International,Consumer Discretionary,"Hotels, Resorts & Cruise Lines","Bethesda, Maryland",1998-05-29,0.5130311156431236,1927
MMC,Marsh McLennan,Financials,Insurance Brokers,"New York City, New York",1987-08-31,0.029860134032091225,1905
MLM,Martin Marietta Materials,Materials,Construction Materials,"Raleigh, North Carolina",2014-07-02,0.44821625543555527,1993
MAS,Masco,Industrials,Building Products,"Livonia, Michigan",1981-06-30,0.030000833410954945,1929
MA,Mastercard,Financials,Transaction & Payment Processing Services,"Harrison, New York",2008-07-18,0.5586750726783377,1966
MTCH,Match Group,Communication Services,Interactive Media & Services,"Dallas, Texas",2021-09-20,0.435973448507459,1986
MKC,McCormick & Company,Consumer Staples,Packaged Foods & Meats,"Hunt Valley, Maryland",2003-03-20,0.030372436648511383,1889
MCD,McDonald's,Consumer Discretionary,Restaurants,"Chicago, Illinois",1970-06-30,0.030447933876194353,1940
MCK,McKesson Corporation,Health Care,Health Care Distributors,"Irving, Texas",1999-01-13,0.4538917840387095,1833
MDT,Medtronic,Health Care,Health Care Equipment,"Dublin, Ireland",1986-10-31,0.7899279834886583,1949
MRK,Merck & Co.,Health Care,Pharmaceuticals,"Kenilworth, New Jersey",1957-03-04,0.15116996190821697,1891
META,Meta Platforms,Communication Services,Interactive Media & Services,"Menlo Park, California",2013-12-23,0.649570793358205,2004
MET,MetLife,Financials,Life & Health Insurance,"New York City, New York",2000-12-11,0.5380005980949206,1868
MTD,Mettler Toledo,Health Care,Life Sciences Tools & Services,"Columbus, Ohio",2016-09-06,0.5078149435486639,1945
MGM,MGM Resorts,Consumer Discretionary,Casinos & Gaming,"Paradise, Nevada",2017-07-26,0.38619773410268604,1986
MCHP,Microchip Technology,Information Technology,Semiconductors,"Chandler, Arizona",2007-09-07,0.4045739554174163,1989
MU,Micron Technology,Information Technology,Semiconductors,"Boise, Idaho",1994-09-27,0.35362362180791346,1978
MSFT,Microsoft,Information Technology,Systems Software,"Redmond, Washington",1994-06-01,0.3859276109049372,1975
MAA,Mid-America Apartment Communities,Real Estate,Multi-Family Residential REITs,"Memphis, Tennessee",2016-12-02,0.4465097239448772,1977
MRNA,Moderna,Health Care,Biotechnology,"Cambridge, Massachusetts",2021-07-21,0.8241218544864474,2010
MHK,Mohawk Industries,Consumer Discretionary,Home Furnishings,"Calhoun, Georgia",2013-12-23,0.4167878380829587,1878
MOH,Molina Healthcare,Health Care,Managed Health Care,"Long Beach, California",2022-03-02,0.577568008785132,1980
TAP,Molson Coors Beverage Company,Consumer Staples,Brewers,"Chicago, Illinois",1976-06-30,0.011150548335384178,"2005 (Molson 1786, Coors 1873)"
MDLZ,Mondelez International,Consumer Staples,Packaged Foods & Meats,"Chicago, Illinois",2012-10-02,0.5403356194939726,2012
MPWR,Monolithic Power Systems,Information Technology,Semiconductors,"Kirkland, Washington",2021-02-12,0.6268485790343219,1997
MNST,Monster Beverage,Consumer Staples,Soft Drinks & Non-alcoholic Beverages,"Corona, California",2012-06-28,0.42354533020232277,2012 (1935)
MCO,Moody's Corporation,Financials,Financial Exchanges & Data,"New York City, New York",1998-07-01,0.5185561400326502,1909
MS,Morgan Stanley,Financials,Investment Banking & Brokerage,"New York City, New York",1993-07-29,0.4380903123330114,1935
MOS,Mosaic Company (The),Materials,Fertilizers & Agricultural Chemicals,"Tampa, Florida",2011-09-26,0.6294630382241484,2004 (1865 / 1909)
MSI,Motorola Solutions,Information Technology,Communications Equipment,"Chicago, Illinois",1957-03-04,0.03270157514670484,1928 (2011)
MSCI,MSCI Inc.,Financials,Financial Exchanges & Data,"New York City, New York",2018-04-04,0.6894750001225605,1969
NDAQ,"Nasdaq, Inc.",Financials,Financial Exchanges & Data,"New York City, New York",2008-10-22,0.5482829283119507,1971
NTAP,NetApp,Information Technology,"Technology Hardware, Storage & Peripherals","San Jose, California",1999-06-25,0.4903628279104426,1992
NFLX,Netflix,Communication Services,Movies & Entertainment,"Los Gatos, California",2010-12-20,0.5213622837421132,1997
NEM,Newmont,Materials,Gold,"Denver, Colorado",1969-06-30,0.5701153538809988,1921
NWSA,News Corp (Class A),Communication Services,Publishing,"New York City, New York",2013-08-01,0.7662027345684157,2013 (News Corporation 1980)
NWS,News Corp (Class B),Communication Services,Publishing,"New York City, New York",2015-09-18,0.7662027345684157,2013 (News Corporation 1980)
NEE,NextEra Energy,Utilities,Multi-Utilities,"Juno Beach, Florida",1976-06-30,0.3684205881920375,1984 (1925)
NKE,"Nike, Inc.",Consumer Discretionary,"Apparel, Accessories & Luxury Goods","Washington County, Oregon",1988-11-30,0.15608659630063584,1964
NI,NiSource,Utilities,Multi-Utilities,"Merrillville, Indiana",2000-11-02,0.5441246978885289,1912
NDSN,Nordson Corporation,Industrials,Industrial Machinery & Supplies & Components,"Westlake, Ohio",2022-02-15,0.03457724003706227,1935
NSC,Norfolk Southern,Industrials,Rail Transportation,"Atlanta, Georgia",1957-03-04,0.34334815497521826,1881/1894 (1980)
NTRS,Northern Trust,Financials,Asset Management & Custody Banks,"Chicago, Illinois",1998-01-30,0.034966001735455755,1889
NOC,Northrop Grumman,Industrials,Aerospace & Defense,"West Falls Church, Virginia",1957-03-04,0.5547678460248749,"1994 (Northrop 1939, Grumman 1930)"
NCLH,Norwegian Cruise Line Holdings,Consumer Discretionary,"Hotels, Resorts & Cruise Lines","Miami, Florida",2017-10-13,0.741226388732284,2011 (1966)
NRG,NRG Energy,Utilities,Independent Power Producers & Energy Traders,"Houston, Texas",2010-01-29,0.4961594462229325,1992
NUE,Nucor,Materials,Steel,"Charlotte, North Carolina",1985-04-30,0.03505669645702296,1940
NVDA,Nvidia,Information Technology,Semiconductors,"Santa Clara, California",2001-11-30,0.5118172770993378,1993
NVR,"NVR, Inc.",Consumer Discretionary,Homebuilding,"Reston, Virginia",2019-09-26,0.4433564890847677,1980
NXPI,NXP Semiconductors,Information Technology,Semiconductors,"Eindhoven, Netherlands",2021-03-22,0.6920482790063781,1953
ORLY,O’Reilly Automotive,Consumer Discretionary,Automotive Retail,"Springfield, Missouri",2009-03-27,0.43943945759654085,1957
OXY,Occidental Petroleum,Energy,Oil & Gas Exploration & Production,"Houston, Texas",1957-03-04,0.39006966335099835,1920
ODFL,Old Dominion,Industrials,Cargo Ground Transportation,"Thomasville, North Carolina",2019-12-09,0.43000426510312234,1934
OMC,Omnicom Group,Communication Services,Advertising,"New York City, New York",1997-12-31,0.013819424358151004,1986
ON,ON Semiconductor,Information Technology,Semiconductors,"Phoenix, Arizona",2022-06-21,0.5373363205396582,1999
OKE,Oneok,Energy,Oil & Gas Storage & Transportation,"Tulsa, Oklahoma",2010-03-15,0.5088140562111177,1906
ORCL,Oracle Corporation,Information Technology,Application Software,"Austin, Texas",1989-08-31,0.6567469519219928,1977
OTIS,Otis Worldwide,Industrials,Industrial Machinery & Supplies & Components,"Farmington, Connecticut",2020-04-03,0.8724023315897069,"2020 (1853, United Technologies spinoff)"
PCAR,Paccar,Industrials,Construction Machinery & Heavy Transportation Equipment,"Bellevue, Washington",1980-12-31,0.03606316274554983,1905
PKG,Packaging Corporation of America,Materials,Paper & Plastic Packaging Products & Materials,"Lake Forest, Illinois",2017-07-26,0.03621758889308318,1959
PLTR,Palantir Technologies,Information Technology,Application Software,"Denver, Colorado",2024-09-23,0.6470480093734221,2003
PANW,Palo Alto Networks,Information Technology,Systems Software,"Santa Clara, California",2023-06-20,0.649946318529667,2005
PSKY,Paramount Skydance Corporation,Communication Services,Movies & Entertainment,"Los Angeles, California",1994-09-30,1.0,2025 (Paramount Pictures 1912)
PH,Parker Hannifin,Industrials,Industrial Machinery & Supplies & Components,"Cleveland, Ohio",1985-11-30,0.036539677715081306,1917
PAYX,Paychex,Industrials,Human Resource & Employment Services,"Penfield, New York",1998-10-01,0.3538226599536231,1971
PAYC,Paycom,Industrials,Human Resource & Employment Services,"Oklahoma City, Oklahoma",2020-01-28,0.7790701094709802,1998
PYPL,PayPal,Financials,Transaction & Payment Processing Services,"San Jose, California",2015-07-20,0.8001318750275762,1998
PNR,Pentair,Industrials,Industrial Machinery & Supplies & Components,"Worsley, United Kingdom",2012-10-01,0.037042665738475644,1966
PEP,PepsiCo,Consumer Staples,Soft Drinks & Non-alcoholic Beverages,"Purchase, New York",1957-03-04,0.03709953378010697,1898
PFE,Pfizer,Health Care,Pharmaceuticals,"New York City, New York",1957-03-04,0.037357891176138955,1849
PCG,PG&E Corporation,Utilities,Multi-Utilities,"Oakland, California",2022-10-03,0.49180070692858646,1905
PM,Philip Morris International,Consumer Staples,Tobacco,"New York City, New York",2008-03-31,0.6919904304812704,2008 (1847)
PSX,Phillips 66,Energy,Oil & Gas Refining & Marketing,"Houston, Texas",2012-05-01,0.7514920507302152,2012 (1917)
PNW,Pinnacle West Capital,Utilities,Multi-Utilities,"Phoenix, Arizona",1999-10-04,0.3739671832180448,1985
PNC,PNC Financial Services,Financials,Diversified Banks,"Pittsburgh, Pennsylvania",1988-04-30,0.3489913276236512,1845
POOL,Pool Corporation,Consumer Discretionary,Distributors,"Covington, Louisiana",2020-10-07,0.4628083007731112,1993
PPG,PPG Industries,Materials,Specialty Chemicals,"Pittsburgh, Pennsylvania",1957-03-04,0.03827758467700423,1883
PPL,PPL Corporation,Utilities,Electric Utilities,"Allentown, Pennsylvania",2001-10-01,0.4512302616420157,1920
PFG,Principal Financial Group,Financials,Life & Health Insurance,"Des Moines, Iowa",2002-07-22,0.5512905613758144,1879
PG,Procter & Gamble,Consumer Staples,Personal Care Products,"Cincinnati, Ohio",1957-03-04,0.038544766424323834,1837
PGR,Progressive Corporation,Financials,Property & Casualty Insurance,"Mayfield Village, Ohio",1997-08-04,0.038660953716277494,1937
PLD,Prologis,Real Estate,Industrial REITs,"San Francisco, California",2003-07-17,0.5117187385099593,1983
PRU,Prudential Financial,Financials,Life & Health Insurance,"Newark, New Jersey",2002-07-22,0.5569018683112643,1875
PEG,Public Service Enterprise Group,Utilities,Electric Utilities,"Newark, New Jersey",1957-03-04,0.38581240409645995,1903
PTC,PTC Inc.,Information Technology,Application Software,"Boston, Massachusetts",2021-04-20,0.4192571857182777,1985
PSA,Public Storage,Real Estate,Self-Storage REITs,"Glendale, California",2005-08-19,0.6821767713659607,1972
PHM,PulteGroup,Consumer Discretionary,Homebuilding,"Atlanta, Georgia",1984-04-30,0.4023002142356396,1956
PWR,Quanta Services,Industrials,Construction & Engineering,"Houston, Texas",2009-07-01,0.5143199611728544,1997
QCOM,Qualcomm,Information Technology,Semiconductors,"San Diego, California",1999-07-22,0.39343272167505794,1985
DGX,Quest Diagnostics,Health Care,Health Care Services,"Secaucus, New Jersey",2002-12-12,0.5001833504100873,1967
RL,Ralph Lauren Corporation,Consumer Discretionary,"Apparel, Accessories & Luxury Goods","New York City, New York",2007-02-02,0.5075168765718376,1967
RJF,Raymond James Financial,Financials,Investment Banking & Brokerage,"St. Petersburg, Florida",2017-03-20,0.352094067584726,1962
RTX,RTX Corporation,Industrials,Aerospace & Defense,"Waltham, Massachusetts",1957-03-04,0.04903839083051853,1922
O,Realty Income,Real Estate,Retail REITs,"San Diego, California",2015-04-07,0.35538996279065205,1969
REG,Regency Centers,Real Estate,Retail REITs,"Jacksonville, Florida",2017-03-02,0.4455346331275952,1963
REGN,Regeneron Pharmaceuticals,Health Care,Biotechnology,"Tarrytown, New York",2013-05-01,0.42689711296640376,1988
RF,Regions Financial Corporation,Financials,Regional Banks,"Birmingham, Alabama",1998-08-28,0.6274903054696271,1971
RSG,Republic Services,Industrials,Environmental & Facilities Services,"Phoenix, Arizona",2008-12-05,0.5189654918840481,1998 (1981)
RMD,ResMed,Health Care,Health Care Equipment,"San Diego, California",2017-07-26,0.4618170319784686,1989
RVTY,Revvity,Health Care,Health Care Equipment,"Waltham, Massachusetts",1985-05-31,0.0147028399703894,1937
ROK,Rockwell Automation,Industrials,Electrical Components & Equipment,"Milwaukee, Wisconsin",2000-03-12,0.5013594403400318,1903
ROL,"Rollins, Inc.",Industrials,Environmental & Facilities Services,"Atlanta, Georgia",2018-10-01,0.04070918369848172,1948
ROP,Roper Technologies,Information Technology,Electronic Equipment & Instruments,"Sarasota, Florida",2009-12-23,0.4319201298160123,1981
ROST,Ross Stores,Consumer Discretionary,Apparel Retail,"Dublin, California",2009-12-21,0.3647065167834259,1982
RCL,Royal Caribbean Group,Consumer Discretionary,"Hotels, Resorts & Cruise Lines","Miami, Florida",2014-12-05,0.43292610586280095,1997
SPGI,S&P Global,Financials,Financial Exchanges & Data,"New York City, New York",1957-03-04,0.030512645785636897,1917
CRM,Salesforce,Information Technology,Application Software,"San Francisco, California",2008-09-15,0.542562297468882,1999
SBAC,SBA Communications,Real Estate,Telecom Tower REITs,"Boca Raton, Florida",2017-09-01,0.5060539952250456,1989
SLB,Schlumberger,Energy,Oil & Gas Equipment & Services,"Houston, Texas",1957-03-04,0.0419387099778901,1926
STX,Seagate Technology,Information Technology,"Technology Hardware, Storage & Peripherals","Dublin, Ireland",2012-07-02,0.5569092219373374,1979
SRE,Sempra,Utilities,Multi-Utilities,"San Diego, California",2017-03-17,0.5051490089763263,1998
NOW,ServiceNow,Information Technology,Systems Software,"Santa Clara, California",2019-11-21,0.6725699942641717,2003
SHW,Sherwin-Williams,Materials,Specialty Chemicals,"Cleveland, Ohio",1964-06-30,0.04314127296169741,1866
SPG,Simon Property Group,Real Estate,Retail REITs,"Indianapolis, Indiana",2002-06-26,0.5206176065417858,2003
SWKS,Skyworks Solutions,Information Technology,Semiconductors,"Irvine, California",2015-03-12,0.0011407925247939761,2002
SJM,J.M. Smucker Company (The),Consumer Staples,Packaged Foods & Meats,"Orrville, Ohio",2008-11-06,0.043934974335845006,1897
SW,Smurfit Westrock,Materials,Paper & Plastic Packaging Products & Materials,"Dublin, Ireland",2024-07-08,0.9825184698574868,1934
SNA,Snap-on,Industrials,Industrial Machinery & Supplies & Components,"Kenosha, Wisconsin",1982-09-30,0.04394526941234723,1920
SOLV,Solventum,Health Care,Health Care Technology,"Saint Paul, Minnesota",2024-04-01,0.9623141371010046,2023
SO,Southern Company,Utilities,Electric Utilities,"Atlanta, Georgia",1957-03-04,0.04427961427780038,1945
LUV,Southwest Airlines,Industrials,Passenger Airlines,"Dallas, Texas",1994-07-01,0.04440609664625627,1967
SWK,Stanley Black & Decker,Industrials,Industrial Machinery & Supplies & Components,"New Britain, Connecticut",1982-09-30,0.04498262093038077,1843
SBUX,Starbucks,Consumer Discretionary,Restaurants,"Seattle, Washington",2000-06-07,0.4056377799893127,1971
STT,State Street Corporation,Financials,Asset Management & Custody Banks,"Boston, Massachusetts",2003-03-14,0.04507821806932999,1792
STLD,Steel Dynamics,Materials,Steel,"Fort Wayne, Indiana",2022-12-22,0.5004735735191024,1993
STE,Steris,Health Care,Health Care Equipment,"Dublin, Ireland",2019-12-23,0.8609125359714876,1985
SYK,Stryker Corporation,Health Care,Health Care Equipment,"Kalamazoo, Michigan",2000-12-12,0.15146704840156683,1941
SMCI,Supermicro,Information Technology,"Technology Hardware, Storage & Peripherals","San Jose, California",2024-03-18,0.6733788931322036,1993
SYF,Synchrony Financial,Financials,Consumer Finance,"Stamford, Connecticut",2015-11-18,0.7843436398488095,2003
SNPS,Synopsys,Information Technology,Application Software,"Sunnyvale, California",2017-03-16,0.4321191679617219,1986
SYY,Sysco,Consumer Staples,Food Distributors,"Houston, Texas",1986-12-31,0.0461910668150465,1969
TMUS,T-Mobile US,Communication Services,Wireless Telecommunication Services,"Bellevue, Washington",2019-07-15,0.6284403939582609,1994
TROW,T. Rowe Price,Financials,Asset Management & Custody Banks,"Baltimore, Maryland",2019-07-29,0.5448394703428261,1937
TTWO,Take-Two Interactive,Communication Services,Interactive Home Entertainment,"New York City, New York",2018-03-19,0.46317107965938004,1993
TPR,"Tapestry, Inc.",Consumer Discretionary,"Apparel, Accessories & Luxury Goods","New York City, New York",2004-09-01,0.546292056613116,2017
TRGP,Targa Resources,Energy,Oil & Gas Storage & Transportation,"Houston, Texas",2022-10-12,0.6801466803280698,2005
TGT,Target Corporation,Consumer Staples,Consumer Staples Merchandise Retail,"Minneapolis, Minnesota",1976-12-31,0.01255950309097416,1902
TEL,TE Connectivity,Information Technology,Electronic Manufacturing Services,"Galway, Ireland",2011-10-17,0.6781793402326688,2007
TDY,Teledyne Technologies,Information Technology,Electronic Equipment & Instruments,"Thousand Oaks, California",2020-06-22,0.5355817453586365,1960
TER,Teradyne,Information Technology,Semiconductor Materials & Equipment,"North Reading, Massachusetts",2020-09-21,0.046773964241767614,1960
TSLA,"Tesla, Inc.",Consumer Discretionary,Automobile Manufacturers,"Austin, Texas",2020-12-21,0.6455527720719088,2003
TXN,Texas Instruments,Information Technology,Semiconductors,"Dallas, Texas",2001-03-12,0.04690436854412911,1930
TPL,Texas Pacific Land Corporation,Energy,Oil & Gas Exploration & Production,"Dallas, Texas",2024-11-26,0.8869816306420697,1888
TXT,Textron,Industrials,Aerospace & Defense,"Providence, Rhode Island",1978-12-31,0.10566964570229581,1923
TMO,Thermo Fisher Scientific,Health Care,Life Sciences Tools & Services,"Waltham, Massachusetts",2004-08-03,0.04703624357170521,2006 (1902)
TJX,TJX Companies,Consumer Discretionary,Apparel Retail,"Framingham, Massachusetts",1985-09-30,0.05265098219932249,1987
TKO,TKO Group Holdings,Communication Services,Movies & Entertainment,"New York City, New York",2025-03-24,0.9664949186443836,2023
TTD,Trade Desk (The),Communication Services,Advertising,"Ventura, California",2025-07-18,0.8187689049470295,2009
TSCO,Tractor Supply,Consumer Discretionary,Other Specialty Retail,"Brentwood, Tennessee",2014-01-24,0.4483579352978954,1938
TT,Trane Technologies,Industrials,Building Products,"Dublin, Ireland",2010-11-17,0.7179384354425168,1871
TDG,TransDigm Group,Industrials,Aerospace & Defense,"Cleveland, Ohio",2016-06-03,0.6169304984287753,1993
TRV,Travelers Companies (The),Financials,Property & Casualty Insurance,"New York City, New York",2002-08-21,0.041431309778851955,1853
TRMB,Trimble Inc.,Information Technology,Electronic Equipment & Instruments,"Westminster, Colorado",2021-01-21,0.42305361773890704,1978
TFC,Truist Financial,Financials,Diversified Banks,"Charlotte, North Carolina",1997-12-04,0.044332560385526104,1872
TYL,Tyler Technologies,Information Technology,Application Software,"Plano, Texas",2020-06-22,0.421083826434815,1966
TSN,Tyson Foods,Consumer Staples,Packaged Foods & Meats,"Springdale, Arkansas",2005-08-10,0.04838342786828185,1935
USB,U.S. Bancorp,Financials,Diversified Banks,"Minneapolis, Minnesota",1999-11-01,0.016817252587250774,1968
UBER,Uber,Industrials,Passenger Ground Transportation,"San Francisco, California",2023-12-18,0.7556345934180145,2009
UDR,"UDR, Inc.",Real Estate,Multi-Family Residential REITs,"Highlands Ranch, Colorado",2016-03-07,0.035497423779665756,1972
ULTA,Ulta Beauty,Consumer Discretionary,Other Specialty Retail,"Bolingbrook, Illinois",2016-04-18,0.6872051808746894,1990
UNP,Union Pacific Corporation,Industrials,Rail Transportation,"Omaha, Nebraska",1957-03-04,0.04857560262965668,1862
UAL,United Airlines Holdings,Industrials,Passenger Airlines,"Chicago, Illinois",2015-09-03,0.04839519366999868,1967
UPS,United Parcel Service,Industrials,Air Freight & Logistics,"Sandy Springs, Georgia",2002-07-22,0.5338374652541169,1907
URI,United Rentals,Industrials,Trading Companies & Distributors,"Stamford, Connecticut",2014-09-20,0.5225491589902982,1997
UNH,UnitedHealth Group,Health Care,Managed Health Care,"Minnetonka, Minnesota",1994-07-01,0.3578598006677092,1977
UHS,Universal Health Services,Health Care,Health Care Facilities,"King of Prussia, Pennsylvania",2014-09-20,0.17213122790848168,1979
VLO,Valero Energy,Energy,Oil & Gas Refining & Marketing,"San Antonio, Texas",2002-12-20,0.5065187443928602,1980
VTR,Ventas,Real Estate,Health Care REITs,"Chicago, Illinois",2009-03-04,0.36202391399198947,1998
VLTO,Veralto,Industrials,Environmental & Facilities Services,"Waltham, Massachusetts",2023-10-02,0.9637564282947922,2023
VRSN,Verisign,Information Technology,Internet Services & Infrastructure,"Dulles, Virginia",2006-02-01,0.4964545717493296,1995
VRSK,Verisk Analytics,Industrials,Research & Consulting Services,"Jersey City, New Jersey",2015-10-08,0.7061172364092735,1971
VZ,Verizon,Communication Services,Integrated Telecommunication Services,"New York City, New York",1983-11-30,0.3583235693520475,1983 (1877)
VRTX,Vertex Pharmaceuticals,Health Care,Biotechnology,"Boston, Massachusetts",2013-09-23,0.42823596315343093,1989
VTRS,Viatris,Health Care,Pharmaceuticals,"Pittsburgh, Pennsylvania",2004-04-23,0.8776523303641026,1961
VICI,Vici Properties,Real Estate,Hotel & Resort REITs,"New York City, New York",2022-06-08,0.8353209367539134,2017
V,Visa Inc.,Financials,Transaction & Payment Processing Services,"San Francisco, California",2009-12-21,0.6870056524872415,1958
VST,Vistra Corp.,Utilities,Electric Utilities,"Irving, Texas",2024-05-08,0.8290080938910978,2016
VMC,Vulcan Materials Company,Materials,Construction Materials,"Birmingham, Alabama",1999-06-30,0.6834994435756272,1909
WRB,W. R. Berkley Corporation,Financials,Property & Casualty Insurance,"Greenwich, Connecticut",2019-12-05,0.0047769154970315865,1967
GWW,W. W. Grainger,Industrials,Industrial Machinery & Supplies & Components,"Lake Forest, Illinois",1981-06-30,0.1349807089876018,1927
WAB,Wabtec,Industrials,Construction Machinery & Heavy Transportation Equipment,"Pittsburgh, Pennsylvania",2019-02-27,0.4616371132605488,1999 (1869)
WBA,Walgreens Boots Alliance,Consumer Staples,Drug Retail,"Deerfield, Illinois",1979-12-31,0.7927802099215123,2014
WMT,Walmart,Consumer Staples,Consumer Staples Merchandise Retail,"Bentonville, Arkansas",1982-08-31,0.050185556497909116,1962
DIS,Walt Disney Company (The),Communication Services,Movies & Entertainment,"Burbank, California",1976-06-30,0.854338884503949,1923
WBD,Warner Bros. Discovery,Communication Services,Broadcasting,"New York City, New York",2022-04-11,0.7036473985322163,2022 (Warner Bros. 1923)
WM,Waste Management,Industrials,Environmental & Facilities Services,"Houston, Texas",1998-08-31,0.4029630210656875,1968
WAT,Waters Corporation,Health Care,Life Sciences Tools & Services,"Milford, Massachusetts",2002-01-02,0.48970100156387114,1958
WEC,WEC Energy Group,Utilities,Electric Utilities,"Milwaukee, Wisconsin",2008-10-31,0.3831361744476201,1896
WFC,Wells Fargo,Financials,Diversified Banks,"San Francisco, California",1976-06-30,0.03489099474951098,1852
WELL,Welltower,Real Estate,Health Care REITs,"Toledo, Ohio",2009-01-30,0.3749878665169795,1970
WST,West Pharmaceutical Services,Health Care,Health Care Supplies,"Exton, Pennsylvania",2020-05-22,0.05097043352076909,1923
WDC,Western Digital,Information Technology,"Technology Hardware, Storage & Peripherals","San Jose, California",2009-07-01,0.05110279879008339,1970
WY,Weyerhaeuser,Real Estate,Timber REITs,"Seattle, Washington",1979-10-01,0.05134546845049294,1900
WSM,"Williams-Sonoma, Inc.",Consumer Discretionary,Homefurnishing Retail,"San Francisco, California",2025-03-24,0.352069555497816,1956
WMB,Williams Companies,Energy,Oil & Gas Storage & Transportation,"Tulsa, Oklahoma",1975-03-31,0.05170236443590334,1908
WTW,Willis Towers Watson,Financials,Insurance Brokers,"London, United Kingdom",2016-01-05,0.5582559159921758,2016
WDAY,"Workday, Inc.",Information Technology,Application Software,"Pleasanton, California",2024-12-23,0.6500659375137882,2005
WYNN,Wynn Resorts,Consumer Discretionary,Casinos & Gaming,"Paradise, Nevada",2008-11-14,0.575113368401959,2002
XEL,Xcel Energy,Utilities,Multi-Utilities,"Minneapolis, Minnesota",1957-03-04,0.03485765831131331,1909
XYL,Xylem Inc.,Industrials,Industrial Machinery & Supplies & Components,"White Plains, New York",2011-11-01,0.746477367990156,2011
YUM,Yum! Brands,Consumer Discretionary,Restaurants,"Louisville, Kentucky",1997-10-06,0.5094891190846207,1997
ZBRA,Zebra Technologies,Information Technology,Electronic Equipment & Instruments,"Lincolnshire, Illinois",2019-12-23,0.42916350052210744,1969
ZBH,Zimmer Biomet,Health Care,Health Care Equipment,"Warsaw, Indiana",2001-08-07,0.5564581995381923,1927
ZTS,Zoetis,Health Care,Pharmaceuticals,"Parsippany, New Jersey",2013-06-21,0.7615807354606557,1952
